Country,ISO 2 Digit,Lat,Long,Number of hunted native species,Percent with decreasing population trend,Number of hunted native Amphibians and Reptiles,Percent with decreasing population trend - Amphibians and Reptiles,"Number of hunted native Arachnids, Insects and Gastropods","Percent with decreasing population trend - Arachnids, Insects and Gastropods",Number of hunted native Birds,Percent with decreasing population trend - Birds,Number of hunted native Mammals,Percent with decreasing population trend - Mammals
Afghanistan,AF,33.93911,67.70995,8,100,0,,0,0,5,100,3,100
Albania,AL,41.15333,20.16833,3,100,1,100,0,0,2,100,0,
Algeria,DZ,28.03389,1.65963,10,80,1,0,0,0,6,100,3,67
American Samoa,AS,-14.30594,-170.6962,0,0,0,,0,0,0,,0,
Andorra,AD,42.50628,1.5218,1,100,0,,0,0,1,100,0,
Angola,AGO,-11.20269,17.87389,15,87,0,,0,0,10,100,5,60
Anguilla,AI,18.22055,-63.06862,1,100,1,100,0,0,0,,0,
Antarctica,AQ,-82.86275,-135,0,,0,,0,0,0,,0,
Antigua and Barbuda,AG,17.06082,-61.79643,0,,0,,0,0,0,,0,
Argentina,AR,-38.4161,-63.61667,25,76,0,,0,0,11,91,14,64
Armenia,AM,40.0691,45.03819,6,100,0,,0,0,6,100,0,
Aruba,AW,12.52111,-69.96834,0,,0,,0,0,0,,0,
Australia,AU,-25.2744,133.77514,7,86,0,,0,0,6,83,1,100
Austria,AT,47.51623,14.55007,3,100,0,,0,0,3,100,0,
Azerbaijan,AZ,40.1431,47.57693,7,100,0,,0,0,7,100,0,
Bahrain,BH,26.0667,50.5577,1,100,0,,0,0,1,100,0,
Bangladesh,BD,23.68499,90.35633,17,100,0,,0,0,8,100,9,100
Barbados,BB,13.19389,-59.5432,0,,0,,0,0,0,,0,
Belarus,BY,53.70981,27.95339,1,100,0,,0,0,1,100,0,
Belgium,BE,50.50389,4.46994,1,100,0,,0,0,1,100,0,
Belize,BZ,17.18988,-88.49765,6,100,0,,0,0,1,100,5,100
Benin,BJ,9.30769,2.31583,5,100,0,,0,0,4,100,1,100
Bermuda,BM,32.3078,-64.7505,0,,0,,0,0,0,,0,
Bhutan,BT,27.51416,90.4336,15,93,0,,0,0,2,100,13,92
Bolivia,BO,-16.29015,-63.58865,19,79,1,100,0,0,8,88,10,70
Bonaire Sint Eustatius and Saba,AN,12.17836,-68.23853,0,,0,,0,0,0,,0,
Bosnia and Herzegovina,BA,43.91589,17.67908,2,100,0,,0,0,1,100,1,100
Botswana,BW,-22.32847,24.68487,5,80,0,,1,0,3,100,1,100
Bouvet Island,BV,-54.4232,3.41319,0,,0,,0,0,0,,0,
Brazil,BR,-14.235,-51.92528,53,85,4,25,0,0,26,92,23,87
British Indian Ocean Territory,IO,-7.33476,72.42423,0,,0,,0,0,0,,0,
Brunei Darussalam,BN,4.53528,114.72767,8,88,0,,0,0,3,100,5,80
Bulgaria,BG,42.73388,25.48583,7,100,0,,0,0,6,100,1,100
Burkina Faso,BF,12.23833,-1.56159,5,100,0,,0,0,4,100,1,100
Burma,MM,21.91397,95.95622,37,89,0,,0,0,13,100,24,83
Burundi,BI,-3.37306,29.91889,7,86,0,,1,0,5,100,1,100
Cambodia,KH,12.56568,104.99096,31,97,2,50,0,0,13,100,16,100
Cameroon,CM,7.36972,12.35472,12,92,1,100,0,0,6,100,5,80
Canada,CA,56.13037,-106.34677,3,67,1,100,0,0,1,0,1,100
Cape Verde,CV,15.12173,-23.60508,1,100,0,,0,0,1,100,0,
Cayman Islands,KY,19.3133,-81.2546,1,0,1,0,0,0,0,,0,
Central African Republic,CF,6.61111,20.93944,8,100,0,,0,0,5,100,3,100
Chad,TD,15.45417,18.73221,9,89,1,0,0,0,4,100,4,100
Chile,CL,-35.67515,-71.54297,12,83,0,,0,0,4,100,8,75
China,CN,35.86166,104.1954,72,88,18,83.3333333333333,0,0,19,95,35,86
Christmas Island,CX,-10.44753,105.69045,2,100,0,,0,0,2,100,0,
Cocos Islands,CC,-12.1167,96.9,0,,0,,0,0,0,,0,
Colombia,CO,4.57087,-74.29733,36,86,5,80,0,0,16,94,15,80
Comoros,KM,-11.6455,43.3333,3,100,0,,0,0,3,100,0,
Congo,CG,-0.22802,15.82766,5,100,0,,0,0,1,100,4,100
Cook Islands,CK,-21.23674,-159.77767,0,,0,,0,0,0,,0,
Costa Rica,CR,9.74892,-83.75343,10,100,3,100,0,0,2,100,5,100
Cote d'Ivoire,CI,7.1317,-5.523,11,82,0,,0,0,5,80,6,83
Croatia,HR,45.1,15.2,5,100,0,,0,0,5,100,0,
Cuba,CU,21.52176,-77.78117,9,67,1,0,0,0,4,100,4,50
Curacao,AN,12.1833,-69,0,,0,,0,0,0,,0,
Cyprus,CY,35.12641,33.42986,3,100,0,,0,0,3,100,0,
Czech Republic,CZ,49.81749,15.47296,2,100,0,,0,0,2,100,0,
Democratic Republic of the Congo,CD,-4.03833,21.75866,13,77,0,,1,0,6,100,6,67
Denmark,CK,56.26392,9.50178,1,100,0,,0,0,1,100,0,
Djibouti,DJ,11.82514,42.59027,4,100,0,,0,0,4,100,0,
Dominica,DM,15.415,-61.37098,3,67,2,100,0,0,1,0,0,
Dominican Republic,DO,18.73569,-70.16265,5,100,0,,0,0,3,100,2,100
Ecuador,EC,-1.83124,-78.18341,16,81,1,0,0,0,8,100,7,71
Egypt,EG,26.82055,30.8025,3,100,0,,0,0,2,100,1,100
El Salvador,SV,13.79419,-88.89653,3,100,0,,0,0,0,,3,100
Equatorial Guinea,GQ,1.6508,10.26789,6,83,1,100,0,0,0,,5,80
Eritrea,ER,15.17938,39.78233,7,100,0,,0,0,6,100,1,100
Estonia,EE,58.59527,25.01361,1,100,0,,0,0,1,100,0,
Ethiopia,ET,9.145,40.48967,13,85,0,,0,0,5,100,8,75
Falkland Islands (Islas Malvinas),FK,-51.79625,-59.52361,2,100,0,,0,0,2,100,0,
Faroe Islands,FO,61.89263,-6.91181,0,,0,,0,0,0,,0,
Fiji,FJ,-17.71337,178.06503,2,100,0,,0,0,1,100,1,100
Finland,FI,61.92411,25.74815,1,100,0,,0,0,1,100,0,
France,FR,46.22764,2.21375,5,80,0,,0,0,3,100,2,50
French Guiana,GF,3.93389,-53.12578,3,67,0,,0,0,0,,3,67
French Polynesia,PF,-17.67974,-149.40684,6,67,0,,0,0,6,67,0,
French Southern and Antarctic Lands,TF,-49.28037,69.34856,2,100,0,,0,0,2,100,0,
Gabon,FA,-0.80369,11.60944,4,100,0,,0,0,1,100,3,100
Georgia,GE,42.1902,43.2781,6,100,0,,0,0,5,100,1,100
Germany,DE,51.16569,10.45153,1,100,0,,0,0,1,100,0,
Ghana,GH,7.94653,-1.02319,8,88,0,,0,0,4,100,4,75
Gibraltar,GI,36.143,-5.353,2,100,0,,0,0,2,100,0,
Greece,GR,39.07421,21.82431,7,86,1,0,0,0,5,100,1,100
Greenland,GL,71.70694,-42.6043,0,,0,,0,0,0,,0,
Grenada,GD,12.1165,-61.679,0,,0,,0,0,0,,0,
Guadeloupe,GP,16.265,-61.551,1,100,1,100,0,0,0,,0,
Guam,GU,13.4443,144.79373,2,100,0,,0,0,1,100,1,100
Guatemala,GT,15.78347,-90.23076,9,100,1,100,0,0,2,100,6,100
Guinea,GN,9.94559,-9.69665,11,91,0,,0,0,5,80,6,100
Guinea-Bissau,GW,11.80375,-15.18041,6,100,0,,0,0,4,100,2,100
Guyana,GY,4.86042,-58.93018,5,80,0,,0,0,2,100,3,67
Haiti,HT,18.97119,-72.28521,3,100,0,,0,0,1,100,2,100
Heard Island and McDonald Islands,HM,-53.08181,73.50416,2,100,0,,0,0,2,100,0,
Honduras,HN,15.2,-86.24191,12,92,6,83.3333333333333,0,0,1,100,5,100
Hong Kong,,22.39643,114.1095,6,100,0,,0,0,5,100,1,100
Hungary,HU,47.16249,19.5033,4,100,0,,0,0,3,100,1,100
Iceland,IS,64.96305,-19.02084,0,,0,,0,0,0,,0,
India,IN,20.59368,78.96288,59,88,0,,7,71,20,95,32,88
Indonesia,ID,-0.78927,113.92133,91,87,3,33.3333333333333,0,0,27,100,61,84
Iran,IR,32.42791,53.68805,14,93,3,100,0,0,9,100,2,50
Iraq,IQ,33.22319,43.67929,6,100,0,,0,0,6,100,0,
Ireland,IE,53.41291,-8.24389,2,100,0,,0,0,2,100,0,
Israel,IL,31.04605,34.85161,4,100,0,,0,0,4,100,0,
Italy,IT,41.87194,12.56738,12,50,2,50,4,25,4,100,2,0
Jamaica,JM,18.1315,-77.2736,0,,0,,0,0,0,,0,
Japan,JP,36.20482,138.25292,17,94,7,85.7142857142857,0,0,7,100,3,100
Jordan,JO,30.58516,36.23841,5,100,0,,0,0,5,100,0,
Kazakhstan,KZ,48.01957,66.92368,12,100,1,100,0,0,8,100,3,100
Kenya,KE,-0.02356,37.90619,14,86,0,,0,0,7,100,7,71
Kiribati,KI,1.86686,-157.35992,4,100,0,,0,0,4,100,0,
Kuwait,KW,29.31166,47.48177,2,100,0,,0,0,2,100,0,
Kyrgyzstan,KG,41.20438,74.7661,6,100,0,,0,0,4,100,2,100
Laos,LA,19.85627,102.4955,38,92,2,50,0,0,9,100,27,93
Latvia,LV,56.87964,24.60319,1,100,0,,0,0,1,100,0,
Lebanon,LB,33.927,35.6951,3,100,0,,0,0,3,100,0,
Lesotho,LS,-29.60999,28.23361,1,100,0,,0,0,1,100,0,
Liberia,LR,6.42805,-9.4295,7,86,0,,0,0,1,100,6,83
Libya,LY,26.3351,17.22833,4,75,1,0,0,0,2,100,1,100
Lithuania,LT,55.16944,23.88127,1,100,0,,0,0,1,100,0,
Luxembourg,LU,49.81527,6.12958,0,,0,,0,0,0,,0,
Macedonia (FYROM),MK,41.60863,21.74527,4,100,0,,0,0,3,100,1,100
Madagascar,MG,-18.76695,46.86911,63,81,29,82.7586206896552,0,0,8,100,26,73
Malawi,MW,-13.25431,34.30152,5,100,0,,0,0,4,100,1,100
Malaysia,MY,4.21048,101.97577,27,85,2,0,0,0,7,100,18,89
Maldives,MV,1.97725,73.5361,0,,0,,0,0,0,,0,
Mali,ML,17.57069,-3.99617,9,89,1,0,0,0,5,100,3,100
Malta,MT,35.9375,14.37542,2,100,0,,0,0,2,100,0,
Martinique,MQ,14.64153,-61.02417,1,100,1,100,0,0,0,,0,
Mauritania,MR,21.00789,-10.94083,8,88,1,0,0,0,6,100,1,100
Mauritius,MU,-20.3484,57.55215,2,50,0,,0,0,0,,2,50
Mayotte,YT,-12.8275,45.16624,1,100,0,,0,0,1,100,0,
Mexico,MX,19,-99,23,91,3,100,0,0,6,100,14,86
Micronesia,FM,6.88746,158.21507,3,67,0,,0,0,1,100,2,50
Moldova,MD,47.41163,28.36989,4,100,0,,0,0,3,100,1,100
Monaco,MC,43.7328,7.4197,0,,0,,0,0,0,,0,
Mongolia,MN,46.8625,103.84666,10,100,0,,0,0,4,100,6,100
Montenegro,ME,42.70868,19.37439,7,100,1,100,0,0,5,100,1,100
Montserrat,MS,16.7425,-62.18737,1,100,1,100,0,0,0,,0,
Morocco,MA,31.7917,-7.09262,7,86,0,,0,0,5,100,2,50
Mozambique,MZ,-18.66569,35.52956,9,89,0,,0,0,6,100,3,67
Namibia,NA,-22.95764,18.49041,12,83,0,,1,0,9,100,2,50
Nepal,NP,28.39486,84.12401,23,96,0,,0,0,9,100,14,93
New Caledonia,NC,-20.90431,165.61804,4,25,3,33.3333333333333,0,0,1,0,0,
New Zealand,NZ,-40.90056,174.88597,11,45,2,50,0,0,9,44,0,
Nicaragua,NI,12.86542,-85.20723,5,100,0,,0,0,1,100,4,100
Niger,NE,17.60779,8.08167,9,89,1,0,0,0,4,100,4,100
Nigeria,NG,9.082,8.67528,10,90,0,,0,0,4,100,6,83
Niue,NU,-19.05445,-169.86723,0,,0,,0,0,0,,0,
North Korea,KP,40.33985,127.51009,5,100,0,,0,0,5,100,0,
Northern Mariana Islands,MP,15.0979,145.6739,4,100,0,,0,0,3,100,1,100
Norway,NO,60.47202,8.46895,1,100,0,,0,0,1,100,0,
Oman,OM,21.51258,55.92325,4,100,0,,0,0,3,100,1,100
Pakistan,PK,30.37532,69.34512,12,100,0,,0,0,8,100,4,100
Palau,PW,7.51498,134.58252,1,100,0,,0,0,1,100,0,
Panama,PA,8.53798,-80.78213,13,69,5,40,0,0,1,100,7,86
Papua New Guinea,PG,-6.31499,143.95555,22,82,1,0,0,0,1,100,20,85
Paraguay,PY,-23.4425,-58.44383,15,73,0,,0,0,7,86,8,63
Peru,PE,-9.18997,-75.01515,27,78,6,50,0,0,8,100,13,77
Philippines,PH,12.87972,121.77402,35,80,3,33.3333333333333,0,0,20,85,12,83
Pitcairn Islands,PN,-24.37649,-128.32437,1,100,0,,0,0,1,100,0,
Poland,PL,51.91944,19.14514,2,100,0,,0,0,2,100,0,
Portugal,PT,39.39987,-8.22445,7,71,0,,0,0,5,60,2,100
Puerto Rico,PR,18.22083,-66.59015,1,0,0,,0,0,1,0,0,
Qatar,QA,25.35483,51.18388,1,100,0,,0,0,1,100,0,
Reunion,RE,-21.1144,55.5325,6,100,0,,0,0,5,100,1,100
Romania,RO,45.94316,24.96676,8,100,0,,0,0,6,100,2,100
Russian Federation,RU,61.52401,105.31876,33,100,0,,0,0,25,100,8,100
Rwanda,RW,-1.94028,29.87389,9,89,0,,1,0,5,100,3,100
Saint Barthelemy,,17.9,-62.8333,1,100,1,100,0,0,0,,0,
Saint Helena,SH,-15.95,-5.7,6,83,0,,0,0,6,83,0,
Saint Kitts and Nevis,KN,17.35782,-62.783,0,,0,,0,0,0,,0,
Saint Lucia,LC,13.90944,-60.97889,0,,0,,0,0,0,,0,
Saint Martin,,18.08255,-63.05225,0,,0,,0,0,0,,0,
Saint Vincent and the Grenadines,VC,13.25338,-61.19625,1,0,1,0,0,0,0,,0,
Samoa,WS,-13.75903,-172.10463,1,100,0,,0,0,1,100,0,
Sao Tome and Principe,ST,0.3176,6.6688,3,100,0,,0,0,3,100,0,
Saudi Arabia,SA,23.88594,45.07916,6,83,1,0,0,0,5,100,0,
Senegal,SN,14.4974,-14.45236,7,100,0,,0,0,4,100,3,100
Serbia,RS,44.01652,21.00586,6,100,0,,0,0,5,100,1,100
Seychelles,SC,-4.67957,55.49198,4,50,0,,1,0,3,67,0,
Sierra Leone,SL,8.46055,-11.77989,8,88,0,,0,0,3,67,5,100
Singapore,SG,1.35208,103.81984,5,100,0,,0,0,4,100,1,100
Sint Maarten,AN,18.03,-63.05,0,,0,,0,0,0,,0,
Slovakia,SK,48.66903,19.69902,2,100,0,,0,0,2,100,0,
Slovenia,SI,46.15124,14.99546,1,100,0,,0,0,1,100,0,
Solomon Islands,SB,-9.64571,160.15619,12,92,0,,0,0,3,67,9,100
Somalia,SO,5.15215,46.19962,9,100,0,,0,0,5,100,4,100
South Africa,ZA,-30.55948,22.93751,15,87,1,0,0,0,11,100,3,67
South Georgia and the South Sandwich Islands,GS,-54.42958,-36.58791,1,100,0,,0,0,1,100,0,
South Korea,KR,35.90776,127.76692,6,100,0,,0,0,6,100,0,
South Sudan,,7.96309,30.15893,5,100,0,,0,0,5,100,0,
Spain,ES,40.46367,-3.74922,15,80,1,100,4,25,6,100,4,100
Sri Lanka,LK,7.87305,80.7718,8,100,0,,0,0,3,100,5,100
Sudan,SD,12.86281,30.21764,11,91,1,0,0,0,6,100,4,100
Suriname,SR,3.91931,-56.02778,3,67,0,,0,0,0,,3,67
Svalbard and Jan Mayen,SJ,77.5536,23.67027,0,,0,,0,0,0,,0,
Swaziland,SZ,-26.5225,31.46587,3,100,0,,0,0,3,100,0,
Sweden,SE,60.12816,18.6435,1,100,0,,0,0,1,100,0,
Switzerland,CH,46.81819,8.22751,2,50,0,,0,0,1,100,1,0
Syria,SY,34.80208,38.99681,5,100,0,,0,0,5,100,0,
Taiwan,,23.69781,120.96052,8,88,0,,0,0,6,100,2,50
Tajikistan,TJ,38.86103,71.27609,7,100,0,,0,0,4,100,3,100
Tanzania,TZ,-6.36903,34.88882,18,83,2,50,0,0,7,86,9,89
Thailand,TH,15.87003,100.99254,45,82,5,20,0,0,15,100,25,84
The Bahamas,BS,25.03428,-77.39628,1,100,0,,0,0,1,100,0,
The Gambia,GM,13.44318,-15.31014,5,100,0,,0,0,4,100,1,100
The Netherlands,NL,52.13263,5.29127,1,100,0,,0,0,1,100,0,
Timor-Leste,TL,-8.87422,125.72754,5,100,0,,0,0,5,100,0,
Togo,TG,8.61954,0.82478,4,100,0,,0,0,4,100,0,
Tokelau,TK,-9.2002,-171.8484,0,,0,,0,0,0,,0,
Tonga,TO,-21.17899,-175.19824,1,100,0,,0,0,1,100,0,
Trinidad and Tobago,TT,10.6918,-61.2225,3,67,1,100,0,0,1,100,1,0
Tunisia,TN,33.88692,9.5375,7,71,1,0,0,0,4,100,2,50
Turkey,TR,38.96375,35.24332,15,80,6,66.6666666666667,0,0,7,100,2,50
Turkmenistan,TM,38.96972,59.55628,6,100,0,,0,0,4,100,2,100
Turks and Caicos Islands,TC,21.69402,-71.79793,0,,0,,0,0,0,,0,
Tuvalu,TV,-10.72807,179.47266,0,,0,,0,0,0,,0,
Uganda,UG,1.37333,32.29028,10,90,1,0,0,0,7,100,2,100
Ukraine,UA,48.37943,31.16558,8,100,0,,0,0,6,100,2,100
United Arab Emirates,AE,23.42408,53.84782,3,100,0,,0,0,3,100,0,
United Kingdom,GB,55.37805,-3.43597,2,100,0,,0,0,2,100,0,
United States Minor Outlying Islands,UM,5.88062,-162.07592,0,,0,,0,0,0,,0,
United States of America,US,37.09024,-95.71289,16,81,3,66.6666666666667,0,0,6,67,7,100
United States Virgin Islands,VI,18.33576,-64.89633,0,,0,,0,0,0,,0,
Uruguay,UY,-32.52278,-55.76584,9,89,0,,0,0,8,88,1,100
Uzbekistan,UZ,41.37749,64.58526,10,100,0,,0,0,7,100,3,100
Vanuatu,VU,-15.37671,166.95916,3,100,0,,0,0,1,100,2,100
Venezuela,VE,6.42375,-66.58973,17,76,4,75,0,0,4,100,9,67
Vietnam,VN,14.05832,108.2772,55,82,7,14.2857142857143,0,0,15,100,33,88
Wallis and Futuna,WF,-14.2938,-178.1165,0,,0,,0,0,0,,0,
West Bank,,31.94657,35.30272,3,100,0,,0,0,3,100,0,
Western Sahara,EH,24.21553,-12.88583,2,50,0,,0,0,1,100,1,0
Yemen,YE,15.55273,48.51639,5,80,1,0,0,0,4,100,0,
Zambia,ZM,-13.1339,27.84933,6,83,0,,1,0,4,100,1,100
Zimbabwe,ZW,-19.01544,29.15486,7,86,0,,0,0,5,100,2,50